probe_idx,gapfill,AAC,CAC,TTGGC,TCGGC
0,AAC,0.9810646330903435,0.0024721534072314534,,
54,TCGGC,,,0.002472125039396936,0.9810645848898527
0,CAC,0.0024721448720532633,0.9810645848898527,,
0,AC,0.003315292044798846,0.0033058749576183166,,
54,TCGC,,,8.265261159537971e-06,1.0416487296041751e-05
0,CAT,1.983265632723127e-08,0.002472125039396936,,
0,CCC,2.836783451736667e-08,0.0024721732398877805,,
0,AGC,0.0024721534072314534,2.836783451736667e-08,,
54,TTGGC,,,0.9810645848898527,0.002472125039396936
54,TCGTC,,,1e-09,0.002472125039396936
54,ACGGC,,,1e-09,0.002472125039396936
0,C,0.00029494991942158354,0.0008198538170710456,,
54,TCGAC,,,1e-09,0.002472125039396936
54,CGGC,,,8.265261159537971e-06,0.003304870569043036
0,CC,9.27546561935948e-06,2.069135303091444e-05,,
54,TCGCC,,,2.836783451736667e-08,0.002472125039396936
54,TTGC,,,1.8681748455579722e-05,1e-09
54,CCGGC,,,1e-09,0.002472125039396936
54,TCAGC,,,1e-09,0.002472125039396936
54,TCCGC,,,1e-09,0.002472125039396936
0,ACC,0.0024834679382593314,1.1362731518723131e-05,,
0,AACC,0.0033718935883874468,8.48476928559279e-06,,
54,TCGT,,,1e-09,1.0416487296041751e-05
0,AAT,0.0024721732398877805,2.836783451736667e-08,,
0,AAA,0.002480083509007629,4.820049084459794e-08,,
0,CGC,1e-09,0.002472125039396936,,
0,AAG,0.0024721732398877805,2.836783451736667e-08,,
0,CAAC,0.0018679153724242465,1.3191615740724873e-05,,
54,TCATC,,,1e-09,1e-09
54,TCAAC,,,1e-09,1e-09
54,CCGC,,,1e-09,8.265261159537971e-06
0,CAA,7.930101776176147e-06,0.0024721448720532633,,
0,TAC,0.0024721448720532633,0.002472125039396936,,
54,ATCGGC,,,4.706846455132084e-06,0.0018679153724242465
54,CCTGGCAGGAATC,,,1e-09,1e-09
54,TCGGA,,,1e-09,0.002472125039396936
54,TTGCC,,,0.0024721534072314534,1e-09
0,CACA,8.48476928559279e-06,0.0033671867419323145,,
54,TCGGTT,,,1e-09,8.48476928559279e-06
0,CTC,1e-09,0.002472125039396936,,
54,TCGGCA,,,8.48476928559279e-06,0.0033671867419323145
54,GCGGC,,,1e-09,0.002472125039396936
0,CAG,1.983265632723127e-08,0.002472125039396936,,
0,AACA,0.0033671867419323145,8.48476928559279e-06,,
54,CAGC,,,1e-09,8.265261159537971e-06
54,TTGGT,,,0.002472125039396936,1e-09
54,TTGAC,,,0.002472125039396936,1e-09
0,CA,1.2426091871376466e-05,0.004166050078338824,,
54,ACGAC,,,1e-09,1e-09
54,TGGC,,,0.003304870569043036,8.265261159537971e-06
54,TCGGT,,,1e-09,0.002472125039396936
54,CCTAC,,,1e-09,1e-09
54,GC,,,3.0709723069472655e-09,3.0709723069472655e-09
54,TCTGC,,,1e-09,0.002472125039396936
0,GAAAC,1.615472745029448e-08,1e-09,,
54,TGATC,,,1e-09,1e-09
0,NAC,0.0024721448720532633,0.002472125039396936,,
