probe_idx,gapfill,AAC,CAC,CCT,CGT
0,AAC,0.9810646330903435,0.0024721534072314534,,
31,CCT,,,0.9810646330903435,0.0024721448720532633
0,CAC,0.0024721448720532633,0.9810645848898527,,
31,CGT,,,0.0024721534072314534,0.9810645848898527
0,AC,0.003315292044798846,0.0033058749576183166,,
0,ACC,0.0024834679382593314,1.1362731518723131e-05,,
0,CC,9.27546561935948e-06,2.069135303091444e-05,,
0,CGC,1e-09,0.002472125039396936,,
0,CAT,1.983265632723127e-08,0.002472125039396936,,
0,AAT,0.0024721732398877805,2.836783451736667e-08,,
0,CCC,2.836783451736667e-08,0.0024721732398877805,,
31,CAT,,,0.0024721534072314534,0.002472125039396936
0,AG,1.868673691534836e-05,8.270249619306611e-06,,
0,C,0.00029494991942158354,0.0008198538170710456,,
31,CTT,,,0.0024834679382593314,0.0024721534072314534
0,CA,1.2426091871376466e-05,0.004166050078338824,,
0,AGC,0.0024721534072314534,2.836783451736667e-08,,
31,CCA,,,0.0024721732398877805,1.983265632723127e-08
31,T,,,0.00029494991942158365,0.00029494991942158365
0,NAC,0.0024721448720532633,0.002472125039396936,,
31,ACT,,,0.0024721448720532633,1.983265632723127e-08
31,CT,,,0.003315292044798846,1.868673691534836e-05
0,ATC,0.0024721534072314534,2.836783451736667e-08,,
0,CACA,8.48476928559279e-06,0.0033671867419323145,,
0,AACA,0.0033671867419323145,8.48476928559279e-06,,
31,TCT,,,0.0024721448720532633,1.983265632723127e-08
0,GAC,0.0024721448720532633,0.002472125039396936,,
0,CCAC,4.706846455132084e-06,0.0018679153724242465,,
0,AAA,0.002480083509007629,4.820049084459794e-08,,
31,CCAT,,,1.3191615740724873e-05,4.706846455132084e-06
0,AAG,0.0024721732398877805,2.836783451736667e-08,,
0,AA,0.004174309523613822,1.868673691534836e-05,,
31,CC,,,0.004174309523613822,1.14208758713236e-05
